Filename,DIMBOA,DIMBOA-Glc,DIBOA,HDBOA-Glc,HDMBOA-Glc,InternalStandard
1,320403.6448,333534.4559,12489.34011,13036213.51,1219729.572,71337723.43
2,461935.3823,465450.5154,233066.2181,11408935.24,321171.3654,51682770.92
3,2756764.799,2124448.371,268809.68,27207648.73,532003.2551,67807462.76
4,1101720.489,652191.0493,4373.649267,2766643.666,523310.8145,50226057.55
5,11508.98806,1462831.584,8726.640234,13041912.93,225322.7007,58295559.98
6,1212529.526,712177.756,5645.098944,6962210.146,624404.7557,56586138.77
7,2318679.456,1551754.441,49450.50525,28678176.83,605864.0785,59039183.16
8,1288912.827,778203.7401,28691.19034,17224941.98,338232.0024,56715675.83
9,3562657.35,1541467.638,5473.703774,29722500.62,1659278.426,55676375.52
10,7312427.223,2293017.398,43097.03428,34937033.24,366843.7584,54064837.7
11,3334193.684,2723860.482,10247.98359,60164197.16,160744245.8,56060574.55
12,4412770.545,5500492.524,23905.18529,181291457.4,181213276.5,59323225.21
13,45802923.57,29298018.93,191920.3287,66707219.75,126705274.4,56054641.05
14,6083137.295,4657237.355,29182.11432,137459320.3,149084030.6,53553243.71
15,7632732.339,5654303.132,59788.12855,91602163.31,114035127.2,55031257.8
16,27681703.35,8680398.601,1643.176143,68187935.78,86706591.78,57308397.96
17,121262037.3,32126569.71,303272.7404,125705662.7,154296733.3,52173383.01
18,72531564.13,18273910.9,105888.4668,84795053.62,107874431.5,55071975.16
19,345277163.8,73372885.6,176852.4282,89961823.54,109022620.6,54523737.26
20,34189227.96,8994835.188,93064.51595,122737445.2,132767273.1,52623119.8
control2,31550357.62,12078590.17,23694.00939,119483888.6,94103668.67,38577606.05
21,5749713.278,4340239.714,3570.007716,87335632.46,20119398.03,53165011.91
22,4604365.329,3738944.306,594346.374,51090250.64,5161499.463,52348864.31
23,2294769.825,1690670.23,3753.972359,20816438.51,2738530.793,53954550.08
24,80355.57579,2881466.127,8041.906065,73622277.18,10548456.23,51612402.84
25,120041.8943,469183.3577,37445.18636,40191716.83,7212712.951,51379865.76
26,40958.45485,597100.7388,13845.27726,19401735.92,5401581.957,50820368.24
27,8204743.582,5299983.493,20424.50477,50225884.4,2717138.949,52458692.77
28,23507.94062,2769087.203,447333.0842,39632451.95,1380467.874,51878657.12
29,6682469.963,4592185.078,269885.2527,53849234.13,7158477.786,50954096.29
30,3236754.55,1007122.267,8983.422086,39017343.77,7228759.43,48657288.69
31,286671682.7,119098059.7,161991.548,260119272.3,217860930,51140253.76
32,15566261.8,9996156.655,12274.29386,236423173.1,171232380.3,51227412.63
33,1387342.214,21393703.6,4588.250201,226692199.3,242445612,55177217.88
34,166071631.2,37262970.26,313562.6494,42579203.38,101407722.4,54292583.46
35,1423197.82,27758326.27,17763.37354,121380422.3,161170474.2,53271773.37
36,39411921.67,22380863.87,43161.9382,222039436.9,200299233.2,49455876.34
37,51589250.86,25313639.86,9312.857092,109433924.7,111875533.3,54739882.5
38,17487561.62,10463982.94,4140.314413,232198104.2,162867380.9,51962971.76
39,166898733.7,34403311.07,157568.4239,114486391.3,136167703.4,52532680.62
40,15538540.84,8591541.015,28785.94065,192955417.8,129357953.4,50752693.8
41,893615.132,585303.3586,15622.71491,10168485.76,396061.9812,51096241.13
42,514675.0949,350636.4337,36973.54821,3309645.405,833526.6235,44020384.81
43,803751.3958,280652.9443,19177.78353,11246792.61,536970.6872,47130464.77
44,181180.7145,16699.74452,5011.815558,17654624.13,1151816.308,52261216.75
45,327318.1974,237281.153,265797.0489,4423606.745,172688.5817,51099400.41
46,466385.1195,393649.0051,4483.430486,4857724.53,746042.029,45872412.89
47,2060778.938,892238.458,332855.0857,12853882.81,490972.0358,48452158.97
48,31941.1657,460022.7936,7106.66672,13479762.9,342731.7167,51331531.46
49,1832614.567,597995.0897,17007.29818,34543189.41,4407880.969,47428231.45
50,756517.6925,239310.3094,19168.16279,18851499.02,1179245.695,50014015.41
51,849831.3633,3013522.91,17043.16613,151310157.7,156820537.6,49678392.06
52,6340643.63,4108747.18,36424.53851,121145472,124715417.6,51765559.03
53,442323.7376,1587730.73,19158.90749,77918739.69,93776800.73,48668873.73
54,2783522.513,890875.2355,36206.77727,75304671.78,104793614.9,48852634.6
55,8038915.263,3820144.14,20326.49911,89249703.35,86933970.93,51814372.2
56,58979.42829,5410073.29,82192.50734,79705427.77,113709769.8,48437985.69
57,810065.5596,10214160.76,57742.42353,56751224.47,103636518.9,51579037.84
58,551873.0473,22214880.89,125975.3006,111743782.6,108113913.9,51793533.04
59,50027509.18,7131726.087,53410.04661,84334808.24,112480252.5,50773620.58
60,1453275.941,11176606.52,36498.58943,140621635.7,145518069.3,50503194.62
61,1414316.054,924343.2214,384742.2073,12753474.02,4146961.898,43715831.24
62,13956.20849,2951504.835,313978.0182,30360484.1,4085326.267,44776525.17
63,28299.9065,4643080.103,443045.6851,40795519.11,2127048.845,44445196.14
64,635348.4412,444783.2627,5952.882968,12556943.42,2114992.265,45183571.79
65,2094697.576,1398807.628,5119.837716,30396881.19,3316244.393,45945582.23
66,1809614.146,583275.4586,7056.103644,24115734.77,1983879.655,48178168.37
67,8215864.532,4548902.222,14312.84348,62676869.11,3311655.81,47539080.81
68,37449429.6,8445231.906,14973.83016,52377886.33,4135199.302,43770430.82
69,34046.83559,3543602.14,4225.193143,24710148.69,2980928.017,49553142.49
70,3439814.782,1744043.764,264504.3416,25046493.03,4784279.932,47565376.03
71,31042189.15,14313206.46,405863.0924,172406793,136193375.6,47971049.24
72,22633068.77,11311533.76,13911.07979,167634963.4,122977065.1,47637818.09
73,65473709.87,27259345.64,22454.67818,130124492.4,137618816.8,51719891.95
74,56997.29634,3125087.922,50153.39595,183789582.4,138108706.3,50595814.94
75,37206732.89,16849869.72,28820.41472,186721867,156858127.8,47042826.65
76,21407868.51,9426742.47,8810.614712,180608760.4,126759656.4,48768111.7
77,53663.45171,27161728.89,226567.8629,195021934.6,126804671.4,49444972.63
78,56145278.79,8101786.13,409760.2046,183827366.7,131404598.2,50247365.63
79,40571517.09,18629890.28,11132.00399,196825189.5,156212093.6,49758972.16
80,8324750.216,4494638.153,6383.729657,178812312.2,121248877,46357257.33
81,2392027.162,938486.6302,550376.149,5004273.561,159461.6951,44184966.29
82,633725.134,362927.0019,11649.05929,7282697.899,196802.0122,42605391.96
83,948719.6195,384224.2131,9547.959477,3916347.728,886321.7986,40677648.26
84,13162.4567,343255.315,11282.62848,5928698.741,266585.3042,45134674.74
85,149660.3946,223757.2649,198289.6568,15040592.01,691589.7687,43642090.98
86,594373.808,252513.567,391237.538,5706544.887,199190.2287,41185520.95
87,657723.0594,388444.5777,240542.7197,12382464.31,276590.0769,47291445.7
88,600754.8434,396500.6671,665278.703,16673334.42,273641.0848,47662426.06
89,623873.2874,428187.3982,534511.2521,14680588.86,2171590.08,48860534.1
90,1404509.869,773851.8029,6071.178257,18080507.39,2058778.704,47693305.18
91,165700.3047,6630391.607,17990.38319,85760206.88,88396116.29,47357227.33
92,364390.4915,3784266.912,15639.4873,62925361.2,72755540.02,48493041.39
93,6293822.978,1428439.655,11956.82274,63139705.57,107488528.8,45915060.12
94,6564772.632,3475892.09,53234.24775,67945878.3,71216064.92,48427018.36
95,5844888.451,3455307.789,38888.30225,79780978.87,109541225.4,48008565.59
96,8119438.739,3976484.837,12136.30522,39750740.2,55128370.24,46680397.09
97,23900750.87,3606847.744,73651.45771,84898799.09,101726174,45673844.39
98,19907908.24,9156835.521,37866.59374,79381025.94,71825005.4,47449811.98
99,41327871.82,14735716.77,73538.07976,100558812.1,94511157.43,44812566.99
100,700429.0283,17416928.63,89609.63094,69146093.8,105002774.9,43818842.75
101,50492498.6,15688269.53,25402.37633,28611014.41,2250732.294,38067113.15
102,1224529.724,650822.3972,248611.8585,5643925.69,1003563.604,39574348.19
103,1968193.39,1256976.412,210980.9886,16556268.72,856480.3266,42881100.54
104,32639.99002,2419240.53,3208.263345,26762161.17,1007617.761,42059039.36
105,9797107.592,5661874.516,10386.54694,35383041.54,3666718.679,40735237.71
106,2048242.557,1068672.655,3734.174091,25498215.13,2047773.079,38669178.79
107,28832.37001,360924.1765,3903.953518,24517922.1,9602433.141,40558964.22
108,40105.8419,1705437.533,7986.312719,19374311.96,2824479.631,38223538.53
109,78916.47704,380249.0681,4150.088936,24572864.99,4067144.743,39015911.08
110,9516083.144,3870807.132,7627.908958,42290449.7,3019321.806,37919229.26
111,78599.37838,19518234.07,13398.75839,156108435.3,138287075.1,41829565.95
112,7639224.571,4218907.233,29236.51093,130044082.4,85248524.29,40668170.44
113,112778922.8,37519065.83,29192.84406,123237003.7,126933752.5,41137870.79
114,21742116.82,9523764.614,3464.260509,152125911.1,105346305.8,37484351.63
115,40104252.88,14683206.51,64167.85735,95918976.68,90221991.5,40667433.21
116,54548.44411,4531976.458,29432.08308,119121331.7,93079405.28,36370538.96
117,165591.3088,19970393.72,101651.0121,182817651.9,127342454.9,39919263.72
118,261689498.7,31848647.06,88460.06614,90661174.13,68772922.68,42603899.84
119,41962425.29,14197728.8,98443.42058,142225345.1,112281859.7,39462894.26
120,74010.68792,7553518.951,7238.504703,136270165.9,119273489,38453971.41
121,50437.05844,123791.2565,2336.592859,5377700.302,199890.7659,38943193.97
122,139695.5521,77499.8131,4396.532657,4264074.93,355153.3134,37866296.78
123,163521.7978,131674.8177,6488.02773,10758426.48,4529450.267,40750041.45
124,37662.9963,374979.0377,24339.69661,9558424.652,583126.4981,38094284.64
125,43935.89386,174543.6864,6056.99924,1281277.375,432647.4738,35916573.31
126,19735.94138,787133.215,8548.546277,13548014,767904.6381,40047386.04
127,38291.90376,81328.51857,2000.316239,6706700.463,276627.8059,41677554.87
128,43391.52209,207196.1779,355003.6222,3305673.883,547342.4076,36947026.82
129,464558.7534,311429.538,NF,10205529.21,5964719.996,41295894.9
130,702637.3167,374840.4683,268310.3826,6576708.153,473682.765,35550072.96
131,6357045.669,2897506.999,59710.68039,71081366.4,57439717.62,40744345.98
132,2409323.878,243929.4256,4122.772719,44783482.84,53690020.62,45031540.97
133,84531830.39,10008002.85,89879.42042,30758120.22,64226250.6,41725715.27
134,163033492.1,14421711.07,56277.76111,8227543.006,26321799.02,40385113.31
135,63934794.82,7415859.943,137132.4664,26794018.16,47864607.76,42644961.19
136,34499777.09,5607750.889,13433.32959,47943620.73,70648340.74,42212226.27
137,4527286.227,1070572.674,10569.61633,44938317.38,60302617.05,41433654.71
138,3343713.998,1683218.535,13802.35789,95935449.09,92123219.87,41176156.86
139,3844591.562,1694714.456,53942.21872,43697563.57,59998007.51,42346157.03
140,15997547.03,2359258.428,53792.76381,47447583.67,73834262.92,43617769.52
141,549672.0589,337198.9639,3638.09593,16384716.9,2847580.752,38848109.17
142,2652755.801,1008487.049,16936.19241,10721002.96,872178.7145,39454863.92
143,36356.32043,1423738.81,9206.835522,8818036.224,1336614.448,36886157.88
144,5933527.768,2518412.454,1868.511225,26150513.73,4155889.673,37687292.2
145,44020.57243,890450.2777,2582.046119,16007508.62,1023472.236,39271794.13
146,131121.3921,8050316.125,133543.1947,25638280.05,2609400.22,41186959.16
147,23030.79567,603058.3771,6000.175462,16328365.04,863377.8388,40493537.15
148,3154220.751,1695415.054,3193.071963,24263445.36,1529815.325,39939057.95
149,874311.2536,467859.7914,7666.315039,16877818.1,1074483.137,41498541.44
150,32712.00918,1662266.799,13300.23034,38636991.53,2132127.382,40223114.05
151,121923681.7,32757552.19,35883.85919,128127784.8,102825558.3,40618092.82
152,90073.37042,6295154.578,119855.0217,119038915.2,79762154.67,41071971.72
153,73711.77495,16404702.72,2719.992966,132946701.2,102265487.8,39650297.95
154,69476.8362,3985372.308,3966.305505,124363336.8,92528383.08,39921039.75
155,28600886.48,11105306.45,215236.7819,134557414.1,99568800.59,40883346.73
156,124219.847,4328112.087,44100.49146,134769333.1,97837478.63,39347765.46
157,63788.97819,4393525.817,5256.294886,126138707.1,114075782.3,39098568.56
158,13639453.66,2671976.528,10904.27475,139181198.7,117735155.4,40960439.98
159,21559053.66,8500510.152,153270.3171,135019504,75013494.98,39407586.92
160,78854.37585,18209436.28,61717.44858,73636238.56,82391572.75,41608965.62
162,773221.3026,342065.5331,6371.255236,4397720.062,166525.9011,37165395.6
163,858148.3097,186974.0371,2972.829538,4287535.838,133192.6923,37598402.97
164,1381937.202,355463.0654,8717.418212,11823079.7,1927190.595,39657227.38
165,1348031.415,357951.6493,9188.693762,9381673.875,170267.0741,36558879.98
166,322381.146,92844.49586,6802.250062,3653531.186,114100.451,37431734.64
167,208806.6068,102523.5368,2694.916155,5219293.396,478048.5435,39784734.17
168,193154.014,110880.2815,4542.380588,6074809.241,1023153.014,38167261.92
169,951208.8569,186307.8336,133935.5355,4119729.744,420603.7074,41746215.2
170,714350.0503,157479.6998,NF,4006765.682,170945.8343,35775798.11
172,19386511.05,1925261.148,34960.10479,30302545.77,48167794.8,39088474.1
173,60488696.64,2537522.057,4478.026531,45083072.48,44432857.81,41181177.02
174,6359172.88,1995684.47,59748.29826,20977110.83,40396309.85,38575935.37
175,297748.5854,421831.1472,5413.886247,60791015.44,60132885,39528521.11
176,10284173.11,854059.4229,49920.64087,67833903.18,63767246.73,39393643.64
177,19685292.97,1234770.325,7407.391115,43882500.55,52079607.99,42304923.54
178,13389142.28,545737.5591,59917.50574,33737545.16,37665404.84,42406731.81
179,39064852.87,1521535.936,23295.24639,59200037.76,75515377.86,41512900.27
180,9187526.703,1857933.498,40597.82294,30165351.97,48863602.74,40763961.17
181,573849.964,396795.4223,377937.9645,15392261.87,3452473.452,34290593.53
182,36041.22099,450157.9879,335003.3218,9865592.689,2069651.305,34824409.23
183,1383718.806,661647.477,300092.4761,15316217.77,839921.0948,39704895.69
184,179071425.4,22485582.89,6873.232611,20004744.74,3174020.46,41317871.63
185,2813247.813,1359028.324,6516.296836,24546912.6,2243491.939,39720728.02
186,3326590.48,1432636.291,7091.109185,22704248.52,820398.5232,38196120.92
187,297367.7584,166727.8062,304972.828,16189114.7,385895.0459,38506903.83
188,16196.1769,382365.1055,4352.405157,8445282.517,833984.0381,36181841.07
189,76850.00248,911817.3459,19906.39578,17055068.14,2658310.425,38336972.55
190,16511.98026,4607196.653,7695.878598,31377727.91,3667074.905,37980202.71
191,719003.7538,3419842.719,22665.79406,157435524.4,98343405.96,38072358.03
192,117759.7075,5074096.19,242522.2079,154032529.1,102495696.2,38988470.04
193,188291115.9,15677932.04,9935.931403,87032413.04,67263285.45,40862737.88
194,94231440.92,9688517.698,72337.51059,65320735.67,70495416.9,39790860.41
195,20608328.76,3444351.406,8657.579374,78829363.3,68911264.09,34707697.99
196,18438653.62,5661706.369,109111.1394,63123844.04,47466482.56,35067033.12
197,81901656.92,5908537.181,167371.8932,62825256.82,56318099.85,35214498.75
198,255748645.1,15521101.24,62995.91824,62876679.15,69317445.59,38259056.85
199,43899400.41,6199100.882,19112.03343,83624277.51,46332065.92,36754606.3
200,629568427.6,22753995.39,68171.18177,79314672.97,48566396.83,38142284.03
201,1138370.019,146401.5472,16702.85018,2851248.803,160185.129,34125023.07
202,957234.6921,87144.07077,9599.059667,672357.8814,86803.00133,32463506.38
203,429783.7962,98730.75072,146124.5759,2962366.291,110620.3456,32355595.84
204,665481.5662,94592.2502,245266.9998,3764482.889,79008.61817,32444141.6
205,1048702.389,158620.7741,3922.730288,2944480.763,97403.20562,32744690.47
207,790267.2573,130569.0886,382460.3336,2790885.608,48584.70235,34143910.66
208,353042.8982,62519.18686,6263.526377,1356465.048,81082.48217,33366556.48
209,238092.1636,93667.91176,386525.5198,5339475.763,215242.428,34775600.66
210,766352.5048,115037.5458,4549.650786,5693450.765,368525.7123,34063280.64
211,19584872.55,693114.7229,28815.52058,6214645.45,3253779.565,35108918.67
212,13971842.85,729853.4919,11472.53384,6434093.446,5402057.424,36345191.05
213,10424223.97,311665.3488,67857.5611,1648846.884,1919452.977,37027620.14
214,27341800.62,604225.008,11996.43656,3266357.951,2018794.302,36296153.71
215,53365532.3,668540.1168,133424.7032,5472462.825,7266041.719,38240128.15
217,107776904.5,368768.359,246069.4092,2720628.445,2149962.447,36504017.35
218,18442823.36,449529.1218,3569.012645,4422655.74,4716659.294,39122412.5
219,25819428.12,341170.4002,7548.391444,3584937.598,4019498.041,37308970.78
220,136026883.9,972758.5231,81893.29387,1427904.121,3114656.188,36106549.24
221,663777.07,134083.8811,3181.719739,11763525.36,444826.3889,38722625.96
222,3149764.361,659256.249,3397.216778,10748248.57,657442.9941,30297733.74
223,43991079.59,3098413.151,90911.18799,9571933.018,480246.1177,36083604.86
224,10098642.47,2018998.88,11152.9739,22464687.99,1558367.077,50105348
225,8698544.309,1591375.827,18322.9026,28976087.56,1059147.054,54827227.11
226,1784710.544,420778.2233,693362.41,7251933.57,973431.2884,47652544.19
227,3896358.038,782586.2047,15226.36499,18784535.17,2763693.837,45110060.97
228,3456504.78,804951.0181,3541.020816,15098071.47,558780.8997,46736312.22
229,6702163.207,1580419.209,8070.88536,28396062.45,1227392.978,61427228.86
230,758117.8853,259097.0504,268033.1284,17472227.36,3647846.898,44600873.89
231,70800601.3,4535073.973,10768.82257,65190246.49,45057819.62,37346066.92
232,3809293.466,1983279.93,2512.371654,60415666.29,62327503.12,45365367.89
233,98617.05406,2570190.916,6340.443282,106280694,66420643.22,33891430.14
234,124308851.6,12124601.43,19881.57999,124126847.9,79347137.67,54919194.89
235,11201898.68,3656639.734,10243.36735,82554539.9,66252111.12,54299048.14
236,219261801.7,15186555.57,298821.0233,150907937.8,101398661.6,58092031.97
237,9102897.604,1983911.08,3344.06562,53864530.84,37426207.57,23075026.46
238,16626290.57,5926298.685,4499.540177,74854582.15,61106811.85,48948476.5
239,23524779.14,1903187.79,11459.23094,22823754.39,17787721.81,15817209.21
240,249502339.2,5387442.315,15466.65155,70395562.97,51539952.04,52702622.98
241,568573.2636,84254.35514,8522.6598,2157791.357,122463.0354,37237581.71
243,5750142.302,589978.9966,16724.88104,12868756.2,1293119.886,50117722.6
244,1959672.418,187961.2557,3610.400589,628148.0663,21727.97568,9254826.766
245,87556.12428,23108.16411,4722.859145,1427453.801,45679.9405,9908009.281
246,1741616.963,332967.3641,548423.7285,2722866.541,212528.2462,53457202.48
247,208200.8263,41807.85582,83194.50386,1406771.144,139441.1532,14350048.06
248,450416.1868,98736.36667,4031.781388,1267557.995,140160.4556,35357092.25
249,1057560.123,164188.4721,555223.1377,1787866.531,528219.7054,31218624.26
250,546889.9277,104859.3982,794683.8327,5045617.987,704268.4476,40637192.19
251,1134854.652,233026.5157,48414.14685,5593431.338,2903305.843,12817524.6
253,22732441.16,934589.8685,4003.604404,12971741.01,20748825.37,49951144.94
254,5695122.605,1135790.991,4832.210442,7438315.72,4697864.753,67822473.76
255,1039949.358,276153.6656,3521.686118,14113280.43,13934097.77,57984045.47
256,6171862.907,337655.8109,10041.40556,3609086.171,3361260.853,27846231.14
257,13324331.48,1251293.546,17661.43645,14248050.33,9755131.698,55537912.84
258,60472315.74,610272.3739,7824.792542,5840047.046,6502377.318,58748171.71
259,92411983.47,2611469.467,14148.48744,4110833.138,2705991.246,21431873.57
260,8061654.267,674222.8365,91105.75381,3944830.251,1443762.822,37427038.76
261,883583.8548,275752.9956,7399.315763,22737212.9,1750514.595,47273133.93
262,1323538.574,225469.4744,3068.930581,15690838.18,606741.6997,46751687.03
263,535161.6574,131252.7666,163578.3861,14497004.21,8972357.576,41077842.97
264,286249.1408,108380.4719,2225.412775,8936222.399,977229.8927,18589491.83
265,6484294.138,864342.5156,5784.90445,17055081.78,1477619.836,59118437.04
266,1563039.301,299428.212,2122.996092,7504018.572,732324.4289,16592596.08
267,162784395.8,8323130.043,5172.966392,15105250.03,1775289.429,47189410.69
268,8630511.735,1246666.285,11084.13616,19005059.1,1553901.988,48221828.21
269,1739583.832,363731.0106,143761.2905,39894024.66,3595823.857,59654396.46
270,2907065.357,656023.4751,158535.608,8057872.535,539822.5183,21990388.08
271,67896320.15,4315366.912,251314.3951,92581484.24,81588415.81,54191056.43
272,34465957.67,3827391.552,189086.1025,68604548.49,63621464.95,54314240.38
273,206844377.5,34814804.37,71306.135,186780668.6,189322352.7,85047788.26
274,17411345.55,6789010.504,24883.89497,214470553.3,139250109.3,68582290.97
275,11448008.84,3167423.124,321959.5627,84956987.28,59031272.26,52671940.96
276,22687928.9,4468892.13,5983.299087,144612310.4,90306992.58,62520608.36
277,5971579.013,1218876.053,6514.898893,95830466.76,56196056.83,40192750.46
278,23774928.8,4611780.707,19303.23055,127126066.3,90717409.93,62203210.01
279,128053134.3,7512490.483,16319.11253,70785181.45,51858054.07,48632880.79
280,29952969.63,3568909.226,238465.9321,59886854.29,51321615.31,50358408.36
281,186111.6313,357024.5559,3198.244613,6411227.936,263692.2787,45233883
282,939676.9985,179124.4925,631235.379,3338044.298,475688.8733,46335736.6
283,752405.2335,151123.1525,4831.857824,2421688.697,169967.3073,50570804.3
284,502508.8483,91954.11131,8047.521446,7052795.408,1360400.234,35633551.17
286,2067191.177,413903.5279,5082.964301,8114062.776,202856.788,46658336.5
287,962841.976,129876.4261,6855.664892,6511131.113,170044.3723,34122830.17
288,3040751.881,309934.001,8456.991219,5909113.362,326280.734,53306528.73
289,1701549.99,208961.3443,7139.970721,5272918.476,302816.3256,42979622.68
290,152758204.2,12725782.4,3712.160513,25762740,1047537.406,63227056.71
291,15032999.87,636355.2452,13744.72928,1808501.885,916680.6739,19437368.69
292,31739850.4,472920.0451,166099.842,3280810.582,2882443.318,53723071.47
293,61845762.83,441016.7781,118428.8616,2195976.082,4753914.381,63550198.94
294,10266146.37,586230.7102,85240.61956,4094309.833,3058800.088,21344834.4
296,4872267.595,1140910.226,150682.8239,16789695.91,15427168.63,44431629.09
297,10153952.42,1376956.435,213975.8892,22124823.42,25982638.28,48883097.23
298,15991382.23,1316414.728,11927.39983,11549769.32,18300078.28,67595959.68
299,78642505.34,1379718.063,183343.2798,6935918.121,4768658.039,61241393.62
300,7075826.163,72412.3923,8000.63997,874657.4654,244616.7247,20148313.24
301,1119220.787,163813.2334,8354.54874,6610896.582,1288112.582,38223684.58
302,2395166.76,759647.4736,5725.552212,30594009.12,1568618.635,41949671.96
303,123098.5733,13380.73274,36641.92384,1407182.27,229833.0923,6181486.447
304,1908143.118,391356.7599,59661.46792,12815462.09,372406.8308,39925623.56
305,1883446.845,366147.0897,3238.771689,9305421.646,1749454.68,42908963.82
306,2424461.115,507009.1637,181894.4181,6686371.221,734237.3258,55021398.54
307,325277.3279,88539.60649,5257.848789,3167063.891,1199101.937,22471852.38
308,1653989.16,269396.7642,641640.4156,5351678.173,1849144.302,41166273.98
309,2705451.498,567353.4425,462799.1236,18768606.49,2284670.244,45767412.14
310,914298.496,138874.7554,126833.0972,8674563.968,1357778.173,15355079.46
311,11060688.83,493768.6314,3588.61119,16674322.3,15346527.1,18867552.78
312,34132155.54,1529712.603,243705.7884,37327526.58,28688373.03,29993296.43
313,50621353.36,7542625.702,367740.5388,110111652.2,67545862.4,69709670.3
314,272234.2385,4427372.944,13479.2366,67818491.72,43619345.28,42285644.66
315,5783861.542,1902401.248,110836.7837,57149800.25,34887098.51,18089894.18
316,888192.5396,702591.8354,8484.001124,37480073.17,24825559.46,44152539.75
317,276062.4574,6368434.478,250138.8782,49125759,32469570.27,40280164.75
318,160740280,4093311.35,305062.2682,38853637.6,30159721.26,43930423.56
319,6138321.05,1018119.046,12736.35224,29385413.46,19760614.01,17554768.04
320,66176714.69,5644131.353,318688.6011,69785276.31,43798549.29,47275929.22
321,1811666.637,433655.0433,4914.299469,11330256.83,1291464.933,26089578
322,209552.3125,79691.32612,318225.6382,2895562.396,210953.5568,36017773.73
323,1612208.324,346852.9877,333014.9295,3343041.769,406622.8634,58214998.72
324,988773.4037,123685.1411,NF,10254898.01,2432220.944,34895279.85
325,117901.2248,14375.2128,1142.263063,1244886.456,336486.4226,3646873.404
326,1020481.11,126265.5063,489328.9904,4052771.367,1783691.78,52474313.36
327,1291793.593,198477.7534,8418.484893,2840603.809,373461.753,42011666.47
328,1585764.877,215666.0968,2107.029483,4392969.843,866366.7869,20677306.12
329,623728.0524,126564.4068,108805.4524,5732520.807,591470.6464,29727173.72
330,1492107.172,218878.591,739944.5201,8002821.468,876703.58,51667385.09
331,8490053.592,1427681.336,22693.76864,5746183.921,4654732.034,16313690.19
332,57542026.32,523484.2969,176163.5099,4438887.479,2661090.546,42939920.82
333,11098816.74,869231.101,20145.67573,17264121.53,8470991.677,41183656.57
334,14207476.54,525018.9629,87128.24235,5646771.954,2465660.832,42172422.78
335,11907103.99,1253848.138,53927.77805,2474961.808,1643180.404,40039436.61
336,2099372.672,276527.8874,2632.542306,3768253.512,4235617.48,20818673.45
337,14581472.77,409931.0793,2347.646943,11691759.76,9763006.192,37368510.63
338,109391925.8,2935626.367,174446.0086,11069760.85,4557980.45,48022318.24
339,7993001.349,298470.3602,55960.4927,3041327.858,2403633.063,35268965.91
340,71449221.11,1367027.062,219476.6505,4225200.754,3878852.322,61812000.08
341,472131.5863,96012.8114,1282.442748,10320619.59,885447.9083,16016388.97
342,3776034.834,685893.1176,21333.52136,24627002.33,950852.5664,53108668.41
343,1672968.043,296270.419,277154.4636,4024606.928,510771.2801,27567588.29
344,23133017.28,1887878.833,11204.8103,12707625.78,482460.408,33070983.98
345,1884943.774,405600.5649,7180.144851,13694862.52,668446.9183,41386093.78
346,2571363.558,488343.6603,193468.3497,16742963.2,462595.4927,41202641.06
347,2023047.484,454319.3365,58278.02968,11742151.11,553001.5443,62857190.17
348,1553330.509,286247.9402,1684.464713,9687589.782,660809.5036,16239716.3
349,8475382.204,1221880.619,12462.99517,16921957.34,972056.3126,15518278.62
350,966058.1089,128479.4395,1904.889572,4422965.772,239741.7462,17924668.52
351,55989470.62,2276801.678,243356.0619,25029244.72,19796196.28,42166142.51
352,295449101.5,4999271.197,44788.21026,53630498.76,39571710.97,44420782.43
353,26536758.52,3793485.021,6846.837144,73921411.48,56838449.14,62919734.36
355,34263362.18,3265591.336,4310.049423,61261254.49,51970285.52,54408903.38
356,20634107.27,4730400.363,19133.81135,65575012.51,51769821.61,51259269.45
357,164979154.2,4762852.288,347956.9456,24814257.7,25993984.81,49000234.81
358,5021572.282,1602510.957,16664.27343,36821664.42,27792258.53,33654424.22
359,29302683.31,4054971.722,16082.63665,75543321.25,55501739.71,60240063.98
360,38992238.63,4900101.848,9943.709785,58300867.87,32170299.51,53549024.45
control,NF,NF,NF,NF,NF,18492.7017
control2,31550357.62,12078590.17,23694.00939,119483888.6,94103668.67,38577606.05
control3,51479137.6,9302036.497,20708.15145,94151638,70542861.54,52286547.45
control4,41092676.02,6925387.378,413079.9366,63938590.72,53648100.24,47509547.24
control5,50926870.1,7153835.94,7536.373654,66605857.29,51885004.29,47640955.42
control6,25878466.29,5440217.331,5014.233303,52874199.57,41718122.67,43240222
control7,38322130.01,5156654.991,5306.237796,47542005.76,37033305.7,40733153.84
control8,37077401.7,5112038.191,10549.15065,46882134.42,38055446.72,43064457.67
control9,29465518.93,4990906.515,128319.9267,45020447.72,37454737.34,40780440.01
control10,38837339.24,3552790.914,5440.696178,30941117.73,29413218.63,37266648.89
control11,28414986.41,4972121.404,3672.897793,44892584.78,36600331.66,46005949.06
control12,40911804.04,4736532.053,3534.199047,45602124.6,35906135.92,45270620.78
control13,20348421,2835218.158,7070.42758,27800811.62,23281453.07,26583661.98
control14,12362080.73,1954876.708,105375.3949,19881635.64,17366949.41,20338305.49
control15,43380206.25,3958791.514,257658.6388,34774980.11,30819739.4,43565975.51
control16,36631381.43,4004619.697,311697.7625,34828327.2,31175582.39,44675494.42
control17,16409245.79,1739487.028,2233.020827,17581220.16,15648313.31,19712209.91
control18,47839107.38,5549825.499,2974.869386,43953943.3,37881585.14,58042718.13
MEOH2,58496.26401,1271.606224,2365.931502,NF,NF,86903082.17
MEOH3,65526.29892,NF,2229.926193,NF,NF,72547141.11
MEOH4,61000.43936,NF,1812.275825,2139.896957,NF,60423455.84
DIBOA,NF,6135.731755,859296.1939,142133.684,245512.318,2710887.151
DIBOA-glc,51855.07791,NF,3839536.361,98303.35104,131063.9967,40595.7309
DIMBOA,187561514.2,9498.277418,27710.39024,164961.2185,200974.8766,96717.69702
DIMBOA-glc,68424355.17,142824671.6,22941.85065,3361160.665,97163.27649,100303.1267
HDBOA-Glc,2156853.466,1420076.207,170082.2434,28208876.78,129477260.2,3799728.962
HDMBOA-glc,336624.7039,104855.2552,9877.670059,21876559.82,79140080.49,513283.9435
HDMBOA-glc_20230922153837,85035.15055,1014234.935,19570.19399,170792412.4,2004911926,1001559.038
333_20230922150737,NF,NF,175947.598,NF,NF,788.6679634
270_retake,4920294.925,961842.0129,281653.4436,10630739.96,822044.195,33014044.74
255_retake,1865717.222,281088.2134,7050.980748,13899513.61,13331588.04,57223616.36
354,311735758.9,9219215.229,43152.73911,4490971.729,2751026.022,19706433.49
